<extension type="component" version="4.0" method="upgrade">
    <name>com_holidaypackages</name>
    <creationDate>June 2025</creationDate>
    <author>name</author>
    <version>1.0.3</version>
    <description>Holiday Packages Component for Joomla</description>
    <files folder="site">
        <filename>index.html</filename>
        <filename>controller.php</filename>
        <filename>router.php</filename>
        <filename>holidaypackages.php</filename>
        <folder>controllers</folder>
        <folder>models</folder>
        <folder>views</folder>
    </files>
    <administration>
        <menu link="option=com_holidaypackages&amp;view=dashboard">COM_HOLIDAYPACKAGES</menu>
        <submenu>
            <menu link="option=com_holidaypackages&amp;view=dashboard">COM_HOLIDAYPACKAGES_DASHBOARD</menu>
            <menu link="option=com_holidaypackages&amp;view=destinations">COM_HOLIDAYPACKAGES_DESTINATIONS</menu>
            <menu link="option=com_holidaypackages&amp;view=packages">COM_HOLIDAYPACKAGES_PACKAGES</menu>
            <menu link="option=com_holidaypackages&amp;view=details">COM_HOLIDAYPACKAGES_DETAILS</menu>
            <menu link="option=com_holidaypackages&amp;view=summary">COM_HOLIDAYPACKAGES_SUMMARY</menu>
        </submenu>
        <files folder="admin">
            <filename>index.html</filename>
            <filename>access.xml</filename>
            <filename>config.xml</filename>
            <filename>controller.php</filename>
            <filename>holidaypackages.php</filename>
            <folder>controllers</folder>
            <folder>models</folder>
            <folder>views</folder>
            <folder>tables</folder>
            <folder>language</folder>
            <folder>helpers</folder>
        </files>
    </administration>
    <media folder="media" destination="com_holidaypackages">
        <filename>index.html</filename>
        <folder>css</folder>
        <folder>js</folder>
    </media>
</extension>